county_fips,state_fips,state,county_name,centroid_lat,centroid_lon,geography_source
10001,10,DE,Kent County,39.108703,-75.449268,regional_counties.geojson bbox center (web-simplified)
10003,10,DE,New Castle County,39.564898,-75.597218,regional_counties.geojson bbox center (web-simplified)
10005,10,DE,Sussex County,38.726914,-75.353481,regional_counties.geojson bbox center (web-simplified)
11001,11,DC,District of Columbia,38.893745,-77.014576,regional_counties.geojson bbox center (web-simplified)
24001,24,MD,Allegany County,39.612313,-78.703104,Census Gazetteer 2024 county internal point
24003,24,MD,Anne Arundel County,38.991617,-76.560894,Census Gazetteer 2024 county internal point
24005,24,MD,Baltimore County,39.443167,-76.616569,Census Gazetteer 2024 county internal point
24009,24,MD,Calvert County,38.522719,-76.529762,Census Gazetteer 2024 county internal point
24011,24,MD,Caroline County,38.871531,-75.831662,Census Gazetteer 2024 county internal point
24013,24,MD,Carroll County,39.563328,-77.015330,Census Gazetteer 2024 county internal point
24015,24,MD,Cecil County,39.562354,-75.941585,Census Gazetteer 2024 county internal point
24017,24,MD,Charles County,38.472853,-77.015427,Census Gazetteer 2024 county internal point
24019,24,MD,Dorchester County,38.429196,-76.047433,Census Gazetteer 2024 county internal point
24021,24,MD,Frederick County,39.470177,-77.397636,Census Gazetteer 2024 county internal point
24023,24,MD,Garrett County,39.547299,-79.274619,Census Gazetteer 2024 county internal point
24025,24,MD,Harford County,39.537429,-76.299789,Census Gazetteer 2024 county internal point
24027,24,MD,Howard County,39.252264,-76.924406,Census Gazetteer 2024 county internal point
24029,24,MD,Kent County,39.241279,-76.125987,Census Gazetteer 2024 county internal point
24031,24,MD,Montgomery County,39.137381,-77.203063,Census Gazetteer 2024 county internal point
24033,24,MD,Prince George's County,38.829278,-76.848188,Census Gazetteer 2024 county internal point
24035,24,MD,Queen Anne's County,39.040693,-76.082405,Census Gazetteer 2024 county internal point
24037,24,MD,St. Mary's County,38.223077,-76.534487,Census Gazetteer 2024 county internal point
24039,24,MD,Somerset County,38.074450,-75.853323,Census Gazetteer 2024 county internal point
24041,24,MD,Talbot County,38.748349,-76.178476,Census Gazetteer 2024 county internal point
24043,24,MD,Washington County,39.603621,-77.814671,Census Gazetteer 2024 county internal point
24045,24,MD,Wicomico County,38.367368,-75.632084,Census Gazetteer 2024 county internal point
24047,24,MD,Worcester County,38.222133,-75.309931,Census Gazetteer 2024 county internal point
24510,24,MD,Baltimore city,39.300032,-76.610476,Census Gazetteer 2024 county internal point
42001,42,PA,Adams County,39.89488,-77.213009,regional_counties.geojson bbox center (web-simplified)
42003,42,PA,Allegheny County,40.43461,-80.024938,regional_counties.geojson bbox center (web-simplified)
42005,42,PA,Armstrong County,40.847176,-79.45174,regional_counties.geojson bbox center (web-simplified)
42007,42,PA,Beaver County,40.666191,-80.332169,regional_counties.geojson bbox center (web-simplified)
42009,42,PA,Bedford County,40.024472,-78.471553,regional_counties.geojson bbox center (web-simplified)
42011,42,PA,Berks County,40.407189,-75.984997,regional_counties.geojson bbox center (web-simplified)
42013,42,PA,Blair County,40.492562,-78.367705,regional_counties.geojson bbox center (web-simplified)
42015,42,PA,Bradford County,41.771648,-76.521116,regional_counties.geojson bbox center (web-simplified)
42017,42,PA,Bucks County,40.328587,-75.102688,regional_counties.geojson bbox center (web-simplified)
42019,42,PA,Butler County,40.921183,-79.927588,regional_counties.geojson bbox center (web-simplified)
42021,42,PA,Cambria County,40.484222,-78.702507,regional_counties.geojson bbox center (web-simplified)
42023,42,PA,Cameron County,41.417265,-78.204843,regional_counties.geojson bbox center (web-simplified)
42025,42,PA,Carbon County,40.934697,-75.735915,regional_counties.geojson bbox center (web-simplified)
42027,42,PA,Centre County,40.972158,-77.76039,regional_counties.geojson bbox center (web-simplified)
42029,42,PA,Chester County,39.983136,-75.748857,regional_counties.geojson bbox center (web-simplified)
42031,42,PA,Clarion County,41.202263,-79.453826,regional_counties.geojson bbox center (web-simplified)
42033,42,PA,Clearfield County,40.988422,-78.422384,regional_counties.geojson bbox center (web-simplified)
42035,42,PA,Clinton County,41.220757,-77.618546,regional_counties.geojson bbox center (web-simplified)
42037,42,PA,Columbia County,41.042822,-76.424297,regional_counties.geojson bbox center (web-simplified)
42039,42,PA,Crawford County,41.66596,-80.065754,regional_counties.geojson bbox center (web-simplified)
42041,42,PA,Cumberland County,40.136418,-77.243092,regional_counties.geojson bbox center (web-simplified)
42043,42,PA,Dauphin County,40.389832,-76.782377,regional_counties.geojson bbox center (web-simplified)
42045,42,PA,Delaware County,39.934057,-75.406501,regional_counties.geojson bbox center (web-simplified)
42047,42,PA,Elk County,41.41667,-78.664893,regional_counties.geojson bbox center (web-simplified)
42049,42,PA,Erie County,42.182555,-80.065249,regional_counties.geojson bbox center (web-simplified)
42051,42,PA,Fayette County,39.933165,-79.652197,regional_counties.geojson bbox center (web-simplified)
42053,42,PA,Forest County,41.475457,-79.239081,regional_counties.geojson bbox center (web-simplified)
42055,42,PA,Franklin County,40.004877,-77.776756,regional_counties.geojson bbox center (web-simplified)
42057,42,PA,Fulton County,39.943567,-78.122544,regional_counties.geojson bbox center (web-simplified)
42059,42,PA,Greene County,39.870631,-80.211338,regional_counties.geojson bbox center (web-simplified)
42061,42,PA,Huntingdon County,40.402476,-77.966958,regional_counties.geojson bbox center (web-simplified)
42063,42,PA,Indiana County,40.640031,-79.129563,regional_counties.geojson bbox center (web-simplified)
42065,42,PA,Jefferson County,41.141268,-78.962883,regional_counties.geojson bbox center (web-simplified)
42067,42,PA,Juniata County,40.478586,-77.345793,regional_counties.geojson bbox center (web-simplified)
42069,42,PA,Lackawanna County,41.401841,-75.63745,regional_counties.geojson bbox center (web-simplified)
42071,42,PA,Lancaster County,40.018551,-76.297497,regional_counties.geojson bbox center (web-simplified)
42073,42,PA,Lawrence County,40.989751,-80.308802,regional_counties.geojson bbox center (web-simplified)
42075,42,PA,Lebanon County,40.375353,-76.414627,regional_counties.geojson bbox center (web-simplified)
42077,42,PA,Lehigh County,40.603078,-75.612493,regional_counties.geojson bbox center (web-simplified)
42079,42,PA,Luzerne County,41.164639,-75.960407,regional_counties.geojson bbox center (web-simplified)
42081,42,PA,Lycoming County,41.332814,-77.023536,regional_counties.geojson bbox center (web-simplified)
42083,42,PA,McKean County,41.800925,-78.579889,regional_counties.geojson bbox center (web-simplified)
42085,42,PA,Mercer County,41.281036,-80.259275,regional_counties.geojson bbox center (web-simplified)
42087,42,PA,Mifflin County,40.60374,-77.600935,regional_counties.geojson bbox center (web-simplified)
42089,42,PA,Monroe County,41.033423,-75.308086,regional_counties.geojson bbox center (web-simplified)
42091,42,PA,Montgomery County,40.212025,-75.355924,regional_counties.geojson bbox center (web-simplified)
42093,42,PA,Montour County,41.027277,-76.653334,regional_counties.geojson bbox center (web-simplified)
42095,42,PA,Northampton County,40.752735,-75.329912,regional_counties.geojson bbox center (web-simplified)
42097,42,PA,Northumberland County,40.889599,-76.664741,regional_counties.geojson bbox center (web-simplified)
42099,42,PA,Perry County,40.406764,-77.293365,regional_counties.geojson bbox center (web-simplified)
42101,42,PA,Philadelphia County,40.002728,-75.118015,regional_counties.geojson bbox center (web-simplified)
42103,42,PA,Pike County,41.340871,-75.024372,regional_counties.geojson bbox center (web-simplified)
42105,42,PA,Potter County,41.737595,-77.902396,regional_counties.geojson bbox center (web-simplified)
42107,42,PA,Schuylkill County,40.722587,-76.229715,regional_counties.geojson bbox center (web-simplified)
42109,42,PA,Snyder County,40.762666,-77.077671,regional_counties.geojson bbox center (web-simplified)
42111,42,PA,Somerset County,40.003508,-79.037931,regional_counties.geojson bbox center (web-simplified)
42113,42,PA,Sullivan County,41.432832,-76.516902,regional_counties.geojson bbox center (web-simplified)
42115,42,PA,Susquehanna County,41.82033,-75.803878,regional_counties.geojson bbox center (web-simplified)
42117,42,PA,Tioga County,41.771923,-77.24237,regional_counties.geojson bbox center (web-simplified)
42119,42,PA,Union County,40.978067,-77.081728,regional_counties.geojson bbox center (web-simplified)
42121,42,PA,Venango County,41.398106,-79.738833,regional_counties.geojson bbox center (web-simplified)
42123,42,PA,Warren County,41.811502,-79.264323,regional_counties.geojson bbox center (web-simplified)
42125,42,PA,Washington County,40.214903,-80.179139,regional_counties.geojson bbox center (web-simplified)
42127,42,PA,Wayne County,41.616047,-75.274602,regional_counties.geojson bbox center (web-simplified)
42129,42,PA,Westmoreland County,40.360198,-79.439384,regional_counties.geojson bbox center (web-simplified)
42131,42,PA,Wyoming County,41.514534,-76.000624,regional_counties.geojson bbox center (web-simplified)
42133,42,PA,York County,39.973064,-76.688057,regional_counties.geojson bbox center (web-simplified)
51001,51,VA,Accomack County,37.738248,-75.701447,regional_counties.geojson bbox center (web-simplified)
51003,51,VA,Albemarle County,38.000287,-78.524129,regional_counties.geojson bbox center (web-simplified)
51005,51,VA,Alleghany County,37.778502,-79.951186,regional_counties.geojson bbox center (web-simplified)
51007,51,VA,Amelia County,37.345124,-77.944829,regional_counties.geojson bbox center (web-simplified)
51009,51,VA,Amherst County,37.599981,-79.15229,regional_counties.geojson bbox center (web-simplified)
51011,51,VA,Appomattox County,37.377197,-78.80802,regional_counties.geojson bbox center (web-simplified)
51013,51,VA,Arlington County,38.880865,-77.10221,regional_counties.geojson bbox center (web-simplified)
51015,51,VA,Augusta County,38.179632,-79.141354,regional_counties.geojson bbox center (web-simplified)
51017,51,VA,Bath County,38.055311,-79.746367,regional_counties.geojson bbox center (web-simplified)
51019,51,VA,Bedford County,37.312044,-79.521919,regional_counties.geojson bbox center (web-simplified)
51021,51,VA,Bland County,37.12736,-81.158453,regional_counties.geojson bbox center (web-simplified)
51023,51,VA,Botetourt County,37.555162,-79.786409,regional_counties.geojson bbox center (web-simplified)
51025,51,VA,Brunswick County,36.784042,-77.851056,regional_counties.geojson bbox center (web-simplified)
51027,51,VA,Buchanan County,37.288111,-82.027135,regional_counties.geojson bbox center (web-simplified)
51029,51,VA,Buckingham County,37.563258,-78.536543,regional_counties.geojson bbox center (web-simplified)
51031,51,VA,Campbell County,37.227987,-79.133534,regional_counties.geojson bbox center (web-simplified)
51033,51,VA,Caroline County,38.014447,-77.356157,regional_counties.geojson bbox center (web-simplified)
51035,51,VA,Carroll County,36.744839,-80.748075,regional_counties.geojson bbox center (web-simplified)
51036,51,VA,Charles City County,37.356769,-77.071575,regional_counties.geojson bbox center (web-simplified)
51037,51,VA,Charlotte County,36.973334,-78.674115,regional_counties.geojson bbox center (web-simplified)
51041,51,VA,Chesterfield County,37.39049,-77.561295,regional_counties.geojson bbox center (web-simplified)
51043,51,VA,Clarke County,39.122025,-77.989998,regional_counties.geojson bbox center (web-simplified)
51045,51,VA,Craig County,37.488334,-80.220926,regional_counties.geojson bbox center (web-simplified)
51047,51,VA,Culpeper County,38.503697,-77.925265,regional_counties.geojson bbox center (web-simplified)
51049,51,VA,Cumberland County,37.525493,-78.268631,regional_counties.geojson bbox center (web-simplified)
51051,51,VA,Dickenson County,37.131016,-82.344962,regional_counties.geojson bbox center (web-simplified)
51053,51,VA,Dinwiddie County,37.072468,-77.647492,regional_counties.geojson bbox center (web-simplified)
51057,51,VA,Essex County,37.945318,-76.919141,regional_counties.geojson bbox center (web-simplified)
51059,51,VA,Fairfax County,38.831124,-77.289194,regional_counties.geojson bbox center (web-simplified)
51061,51,VA,Fauquier County,38.711644,-77.831298,regional_counties.geojson bbox center (web-simplified)
51063,51,VA,Floyd County,36.916039,-80.3692,regional_counties.geojson bbox center (web-simplified)
51065,51,VA,Fluvanna County,37.848336,-78.276968,regional_counties.geojson bbox center (web-simplified)
51067,51,VA,Franklin County,37.006894,-79.913875,regional_counties.geojson bbox center (web-simplified)
51069,51,VA,Frederick County,39.237003,-78.288687,regional_counties.geojson bbox center (web-simplified)
51071,51,VA,Giles County,37.314577,-80.722716,regional_counties.geojson bbox center (web-simplified)
51073,51,VA,Gloucester County,37.418245,-76.508403,regional_counties.geojson bbox center (web-simplified)
51075,51,VA,Goochland County,37.734547,-77.887811,regional_counties.geojson bbox center (web-simplified)
51077,51,VA,Grayson County,36.682795,-81.257722,regional_counties.geojson bbox center (web-simplified)
51079,51,VA,Greene County,38.329836,-78.475811,regional_counties.geojson bbox center (web-simplified)
51081,51,VA,Greensville County,36.721612,-77.531982,regional_counties.geojson bbox center (web-simplified)
51083,51,VA,Halifax County,36.801575,-78.883844,regional_counties.geojson bbox center (web-simplified)
51085,51,VA,Hanover County,37.77312,-77.452633,regional_counties.geojson bbox center (web-simplified)
51087,51,VA,Henrico County,37.531182,-77.41619,regional_counties.geojson bbox center (web-simplified)
51089,51,VA,Henry County,36.699051,-79.867897,regional_counties.geojson bbox center (web-simplified)
51091,51,VA,Highland County,38.385967,-79.559157,regional_counties.geojson bbox center (web-simplified)
51093,51,VA,Isle of Wight County,36.898938,-76.687787,regional_counties.geojson bbox center (web-simplified)
51095,51,VA,James City County,37.310451,-76.746881,regional_counties.geojson bbox center (web-simplified)
51097,51,VA,King and Queen County,37.701739,-76.916164,regional_counties.geojson bbox center (web-simplified)
51099,51,VA,King George County,38.271076,-77.172555,regional_counties.geojson bbox center (web-simplified)
51101,51,VA,King William County,37.71393,-77.061353,regional_counties.geojson bbox center (web-simplified)
51103,51,VA,Lancaster County,37.713145,-76.409947,regional_counties.geojson bbox center (web-simplified)
51105,51,VA,Lee County,36.743333,-83.223495,regional_counties.geojson bbox center (web-simplified)
51107,51,VA,Loudoun County,39.085386,-77.645261,regional_counties.geojson bbox center (web-simplified)
51109,51,VA,Louisa County,37.941589,-77.99708,regional_counties.geojson bbox center (web-simplified)
51111,51,VA,Lunenburg County,36.948129,-78.248334,regional_counties.geojson bbox center (web-simplified)
51113,51,VA,Madison County,38.42869,-78.267746,regional_counties.geojson bbox center (web-simplified)
51115,51,VA,Mathews County,37.410291,-76.294103,regional_counties.geojson bbox center (web-simplified)
51117,51,VA,Mecklenburg County,36.716134,-78.383843,regional_counties.geojson bbox center (web-simplified)
51119,51,VA,Middlesex County,37.6443,-76.446014,regional_counties.geojson bbox center (web-simplified)
51121,51,VA,Montgomery County,37.175154,-80.39676,regional_counties.geojson bbox center (web-simplified)
51125,51,VA,Nelson County,37.791506,-78.906458,regional_counties.geojson bbox center (web-simplified)
51127,51,VA,New Kent County,37.502273,-76.991503,regional_counties.geojson bbox center (web-simplified)
51131,51,VA,Northampton County,37.273986,-75.869138,regional_counties.geojson bbox center (web-simplified)
51133,51,VA,Northumberland County,37.852316,-76.405117,regional_counties.geojson bbox center (web-simplified)
51135,51,VA,Nottoway County,37.139443,-78.017664,regional_counties.geojson bbox center (web-simplified)
51137,51,VA,Orange County,38.255339,-78.035913,regional_counties.geojson bbox center (web-simplified)
51139,51,VA,Page County,38.622185,-78.488084,regional_counties.geojson bbox center (web-simplified)
51141,51,VA,Patrick County,36.707324,-80.333619,regional_counties.geojson bbox center (web-simplified)
51143,51,VA,Pittsylvania County,36.839153,-79.403557,regional_counties.geojson bbox center (web-simplified)
51145,51,VA,Powhatan County,37.553294,-77.893723,regional_counties.geojson bbox center (web-simplified)
51147,51,VA,Prince Edward County,37.238095,-78.461892,regional_counties.geojson bbox center (web-simplified)
51149,51,VA,Prince George County,37.157038,-77.185821,regional_counties.geojson bbox center (web-simplified)
51153,51,VA,Prince William County,38.72179,-77.468081,regional_counties.geojson bbox center (web-simplified)
51155,51,VA,Pulaski County,37.061936,-80.722892,regional_counties.geojson bbox center (web-simplified)
51157,51,VA,Rappahannock County,38.693139,-78.136765,regional_counties.geojson bbox center (web-simplified)
51159,51,VA,Richmond County,37.951415,-76.723609,regional_counties.geojson bbox center (web-simplified)
51161,51,VA,Roanoke County,37.265775,-80.050863,regional_counties.geojson bbox center (web-simplified)
51163,51,VA,Rockbridge County,37.809426,-79.416359,regional_counties.geojson bbox center (web-simplified)
51165,51,VA,Rockingham County,38.528375,-78.855162,regional_counties.geojson bbox center (web-simplified)
51167,51,VA,Russell County,36.925761,-82.093589,regional_counties.geojson bbox center (web-simplified)
51169,51,VA,Scott County,36.739534,-82.639629,regional_counties.geojson bbox center (web-simplified)
51171,51,VA,Shenandoah County,38.85379,-78.585014,regional_counties.geojson bbox center (web-simplified)
51173,51,VA,Smyth County,36.826237,-81.549542,regional_counties.geojson bbox center (web-simplified)
51175,51,VA,Southampton County,36.770046,-77.158429,regional_counties.geojson bbox center (web-simplified)
51177,51,VA,Spotsylvania County,38.184398,-77.658675,regional_counties.geojson bbox center (web-simplified)
51179,51,VA,Stafford County,38.417401,-77.461164,regional_counties.geojson bbox center (web-simplified)
51181,51,VA,Surry County,37.096475,-76.898836,regional_counties.geojson bbox center (web-simplified)
51183,51,VA,Sussex County,36.909626,-77.286288,regional_counties.geojson bbox center (web-simplified)
51185,51,VA,Tazewell County,37.135517,-81.563486,regional_counties.geojson bbox center (web-simplified)
51187,51,VA,Warren County,38.896835,-78.199509,regional_counties.geojson bbox center (web-simplified)
51191,51,VA,Washington County,36.76161,-81.968729,regional_counties.geojson bbox center (web-simplified)
51193,51,VA,Westmoreland County,38.121803,-76.79044,regional_counties.geojson bbox center (web-simplified)
51195,51,VA,Wise County,37.000896,-82.588556,regional_counties.geojson bbox center (web-simplified)
51197,51,VA,Wythe County,36.915485,-81.059943,regional_counties.geojson bbox center (web-simplified)
51199,51,VA,York County,37.235942,-76.445515,regional_counties.geojson bbox center (web-simplified)
51510,51,VA,Alexandria city,38.815069,-77.090823,regional_counties.geojson bbox center (web-simplified)
51520,51,VA,Bristol city,36.63613,-82.173186,regional_counties.geojson bbox center (web-simplified)
51530,51,VA,Buena Vista city,37.72892,-79.35376,regional_counties.geojson bbox center (web-simplified)
51540,51,VA,Charlottesville city,38.040048,-78.485004,regional_counties.geojson bbox center (web-simplified)
51550,51,VA,Chesapeake city,36.708483,-76.278525,regional_counties.geojson bbox center (web-simplified)
51570,51,VA,Colonial Heights city,37.265853,-77.396943,regional_counties.geojson bbox center (web-simplified)
51580,51,VA,Covington city,37.780915,-79.98751,regional_counties.geojson bbox center (web-simplified)
51590,51,VA,Danville city,36.592504,-79.410919,regional_counties.geojson bbox center (web-simplified)
51595,51,VA,Emporia city,36.696191,-77.535707,regional_counties.geojson bbox center (web-simplified)
51600,51,VA,Fairfax city,38.852257,-77.301838,regional_counties.geojson bbox center (web-simplified)
51610,51,VA,Falls Church city,38.886178,-77.172348,regional_counties.geojson bbox center (web-simplified)
51620,51,VA,Franklin city,36.677913,-76.939553,regional_counties.geojson bbox center (web-simplified)
51630,51,VA,Fredericksburg city,38.298298,-77.489906,regional_counties.geojson bbox center (web-simplified)
51640,51,VA,Galax city,36.660527,-80.913647,regional_counties.geojson bbox center (web-simplified)
51650,51,VA,Hampton city,37.023001,-76.292528,regional_counties.geojson bbox center (web-simplified)
51660,51,VA,Harrisonburg city,38.439642,-78.871095,regional_counties.geojson bbox center (web-simplified)
51670,51,VA,Hopewell city,37.28765,-77.295042,regional_counties.geojson bbox center (web-simplified)
51678,51,VA,Lexington city,37.780001,-79.438265,regional_counties.geojson bbox center (web-simplified)
51680,51,VA,Lynchburg city,37.401016,-79.177942,regional_counties.geojson bbox center (web-simplified)
51683,51,VA,Manassas city,38.743633,-77.487184,regional_counties.geojson bbox center (web-simplified)
51685,51,VA,Manassas Park city,38.769018,-77.449269,regional_counties.geojson bbox center (web-simplified)
51690,51,VA,Martinsville city,36.679571,-79.865168,regional_counties.geojson bbox center (web-simplified)
51700,51,VA,Newport News city,37.075615,-76.503851,regional_counties.geojson bbox center (web-simplified)
51710,51,VA,Norfolk city,36.930822,-76.239721,regional_counties.geojson bbox center (web-simplified)
51720,51,VA,Norton city,36.92994,-82.626364,regional_counties.geojson bbox center (web-simplified)
51730,51,VA,Petersburg city,37.205039,-77.392342,regional_counties.geojson bbox center (web-simplified)
51735,51,VA,Poquoson city,37.147341,-76.274249,regional_counties.geojson bbox center (web-simplified)
51740,51,VA,Portsmouth city,36.868561,-76.355165,regional_counties.geojson bbox center (web-simplified)
51750,51,VA,Radford city,37.120288,-80.552167,regional_counties.geojson bbox center (web-simplified)
51760,51,VA,Richmond city,37.524681,-77.493343,regional_counties.geojson bbox center (web-simplified)
51770,51,VA,Roanoke city,37.274788,-79.958074,regional_counties.geojson bbox center (web-simplified)
51775,51,VA,Salem city,37.288246,-80.06693,regional_counties.geojson bbox center (web-simplified)
51790,51,VA,Staunton city,38.160097,-79.062611,regional_counties.geojson bbox center (web-simplified)
51800,51,VA,Suffolk city,36.746269,-76.665252,regional_counties.geojson bbox center (web-simplified)
51810,51,VA,Virginia Beach city,36.795585,-76.012778,regional_counties.geojson bbox center (web-simplified)
51820,51,VA,Waynesboro city,38.065602,-78.903309,regional_counties.geojson bbox center (web-simplified)
51830,51,VA,Williamsburg city,37.278664,-76.703609,regional_counties.geojson bbox center (web-simplified)
51840,51,VA,Winchester city,39.167949,-78.168619,regional_counties.geojson bbox center (web-simplified)
54001,54,WV,Barbour County,39.125287,-80.017982,regional_counties.geojson bbox center (web-simplified)
54003,54,WV,Berkeley County,39.442808,-78.026185,regional_counties.geojson bbox center (web-simplified)
54005,54,WV,Boone County,37.997106,-81.71704,regional_counties.geojson bbox center (web-simplified)
54007,54,WV,Braxton County,38.706018,-80.736884,regional_counties.geojson bbox center (web-simplified)
54009,54,WV,Brooke County,40.279713,-80.600403,regional_counties.geojson bbox center (web-simplified)
54011,54,WV,Cabell County,38.413384,-82.277704,regional_counties.geojson bbox center (web-simplified)
54013,54,WV,Calhoun County,38.828582,-81.132216,regional_counties.geojson bbox center (web-simplified)
54015,54,WV,Clay County,38.465778,-81.050648,regional_counties.geojson bbox center (web-simplified)
54017,54,WV,Doddridge County,39.270846,-80.719742,regional_counties.geojson bbox center (web-simplified)
54019,54,WV,Fayette County,38.041321,-81.064855,regional_counties.geojson bbox center (web-simplified)
54021,54,WV,Gilmer County,38.913649,-80.831256,regional_counties.geojson bbox center (web-simplified)
54023,54,WV,Grant County,39.070669,-79.233536,regional_counties.geojson bbox center (web-simplified)
54025,54,WV,Greenbrier County,37.975596,-80.427014,regional_counties.geojson bbox center (web-simplified)
54027,54,WV,Hampshire County,39.314163,-78.659428,regional_counties.geojson bbox center (web-simplified)
54029,54,WV,Hancock County,40.51689,-80.592823,regional_counties.geojson bbox center (web-simplified)
54031,54,WV,Hardy County,38.999518,-78.821214,regional_counties.geojson bbox center (web-simplified)
54033,54,WV,Harrison County,39.285204,-80.385344,regional_counties.geojson bbox center (web-simplified)
54035,54,WV,Jackson County,38.824874,-81.706617,regional_counties.geojson bbox center (web-simplified)
54037,54,WV,Jefferson County,39.315904,-77.877487,regional_counties.geojson bbox center (web-simplified)
54039,54,WV,Kanawha County,38.296818,-81.554655,regional_counties.geojson bbox center (web-simplified)
54041,54,WV,Lewis County,38.945784,-80.514543,regional_counties.geojson bbox center (web-simplified)
54043,54,WV,Lincoln County,38.16021,-82.053928,regional_counties.geojson bbox center (web-simplified)
54045,54,WV,Logan County,37.833204,-81.902401,regional_counties.geojson bbox center (web-simplified)
54047,54,WV,McDowell County,37.375275,-81.653889,regional_counties.geojson bbox center (web-simplified)
54049,54,WV,Marion County,39.51426,-80.218521,regional_counties.geojson bbox center (web-simplified)
54051,54,WV,Marshall County,39.877275,-80.694606,regional_counties.geojson bbox center (web-simplified)
54053,54,WV,Mason County,38.752183,-81.997278,regional_counties.geojson bbox center (web-simplified)
54055,54,WV,Mercer County,37.416395,-81.105804,regional_counties.geojson bbox center (web-simplified)
54057,54,WV,Mineral County,39.443039,-78.964384,regional_counties.geojson bbox center (web-simplified)
54059,54,WV,Mingo County,37.743102,-82.108113,regional_counties.geojson bbox center (web-simplified)
54061,54,WV,Monongalia County,39.578509,-80.093007,regional_counties.geojson bbox center (web-simplified)
54063,54,WV,Monroe County,37.55203,-80.539725,regional_counties.geojson bbox center (web-simplified)
54065,54,WV,Morgan County,39.543606,-78.245345,regional_counties.geojson bbox center (web-simplified)
54067,54,WV,Nicholas County,38.318389,-80.834075,regional_counties.geojson bbox center (web-simplified)
54069,54,WV,Ohio County,40.101263,-80.629065,regional_counties.geojson bbox center (web-simplified)
54071,54,WV,Pendleton County,38.684692,-79.353564,regional_counties.geojson bbox center (web-simplified)
54073,54,WV,Pleasants County,39.37238,-81.189657,regional_counties.geojson bbox center (web-simplified)
54075,54,WV,Pocahontas County,38.387961,-79.9906,regional_counties.geojson bbox center (web-simplified)
54077,54,WV,Preston County,39.458092,-79.688151,regional_counties.geojson bbox center (web-simplified)
54079,54,WV,Putnam County,38.475369,-81.880455,regional_counties.geojson bbox center (web-simplified)
54081,54,WV,Raleigh County,37.748929,-81.224458,regional_counties.geojson bbox center (web-simplified)
54083,54,WV,Randolph County,38.75338,-79.814712,regional_counties.geojson bbox center (web-simplified)
54085,54,WV,Ritchie County,39.198501,-81.069056,regional_counties.geojson bbox center (web-simplified)
54087,54,WV,Roane County,38.731738,-81.314633,regional_counties.geojson bbox center (web-simplified)
54089,54,WV,Summers County,37.648593,-80.877538,regional_counties.geojson bbox center (web-simplified)
54091,54,WV,Taylor County,39.345357,-80.049901,regional_counties.geojson bbox center (web-simplified)
54093,54,WV,Tucker County,39.117904,-79.563679,regional_counties.geojson bbox center (web-simplified)
54095,54,WV,Tyler County,39.450612,-80.870081,regional_counties.geojson bbox center (web-simplified)
54097,54,WV,Upshur County,38.899321,-80.226967,regional_counties.geojson bbox center (web-simplified)
54099,54,WV,Wayne County,38.13212,-82.418203,regional_counties.geojson bbox center (web-simplified)
54101,54,WV,Webster County,38.482507,-80.431111,regional_counties.geojson bbox center (web-simplified)
54103,54,WV,Wetzel County,39.575518,-80.666713,regional_counties.geojson bbox center (web-simplified)
54105,54,WV,Wirt County,39.040602,-81.371951,regional_counties.geojson bbox center (web-simplified)
54107,54,WV,Wood County,39.218277,-81.49793,regional_counties.geojson bbox center (web-simplified)
54109,54,WV,Wyoming County,37.603345,-81.53998,regional_counties.geojson bbox center (web-simplified)
